https://gol.gg/game/stats/52600/page-fullstats/,https://gol.gg/game/stats/52601/page-fullstats/,
https://gol.gg/game/stats/52597/page-fullstats/,https://gol.gg/game/stats/52598/page-fullstats/,
https://gol.gg/game/stats/52594/page-fullstats/,https://gol.gg/game/stats/52595/page-fullstats/,
https://gol.gg/game/stats/52591/page-fullstats/,https://gol.gg/game/stats/52592/page-fullstats/,
https://gol.gg/game/stats/52588/page-fullstats/,https://gol.gg/game/stats/52589/page-fullstats/,https://gol.gg/game/stats/52590/page-fullstats/
https://gol.gg/game/stats/52585/page-fullstats/,https://gol.gg/game/stats/52586/page-fullstats/,https://gol.gg/game/stats/52587/page-fullstats/
https://gol.gg/game/stats/52582/page-fullstats/,https://gol.gg/game/stats/52583/page-fullstats/,
https://gol.gg/game/stats/52579/page-fullstats/,https://gol.gg/game/stats/52580/page-fullstats/,
https://gol.gg/game/stats/52576/page-fullstats/,https://gol.gg/game/stats/52577/page-fullstats/,
https://gol.gg/game/stats/52573/page-fullstats/,https://gol.gg/game/stats/52574/page-fullstats/,
https://gol.gg/game/stats/52334/page-fullstats/,https://gol.gg/game/stats/52335/page-fullstats/,
https://gol.gg/game/stats/52331/page-fullstats/,https://gol.gg/game/stats/52332/page-fullstats/,https://gol.gg/game/stats/52333/page-fullstats/
https://gol.gg/game/stats/52328/page-fullstats/,https://gol.gg/game/stats/52329/page-fullstats/,
https://gol.gg/game/stats/52325/page-fullstats/,https://gol.gg/game/stats/52326/page-fullstats/,
https://gol.gg/game/stats/52322/page-fullstats/,https://gol.gg/game/stats/52323/page-fullstats/,
https://gol.gg/game/stats/52319/page-fullstats/,https://gol.gg/game/stats/52320/page-fullstats/,
https://gol.gg/game/stats/52316/page-fullstats/,https://gol.gg/game/stats/52317/page-fullstats/,
https://gol.gg/game/stats/52313/page-fullstats/,https://gol.gg/game/stats/52314/page-fullstats/,https://gol.gg/game/stats/52315/page-fullstats/
https://gol.gg/game/stats/52310/page-fullstats/,https://gol.gg/game/stats/52311/page-fullstats/,
https://gol.gg/game/stats/52307/page-fullstats/,https://gol.gg/game/stats/52308/page-fullstats/,
https://gol.gg/game/stats/51770/page-fullstats/,https://gol.gg/game/stats/51771/page-fullstats/,
https://gol.gg/game/stats/51767/page-fullstats/,https://gol.gg/game/stats/51768/page-fullstats/,https://gol.gg/game/stats/51769/page-fullstats/
https://gol.gg/game/stats/51764/page-fullstats/,https://gol.gg/game/stats/51765/page-fullstats/,https://gol.gg/game/stats/51766/page-fullstats/
https://gol.gg/game/stats/51761/page-fullstats/,https://gol.gg/game/stats/51762/page-fullstats/,
https://gol.gg/game/stats/51758/page-fullstats/,https://gol.gg/game/stats/51759/page-fullstats/,
https://gol.gg/game/stats/51755/page-fullstats/,https://gol.gg/game/stats/51756/page-fullstats/,https://gol.gg/game/stats/51757/page-fullstats/
https://gol.gg/game/stats/51752/page-fullstats/,https://gol.gg/game/stats/51753/page-fullstats/,https://gol.gg/game/stats/51754/page-fullstats/
https://gol.gg/game/stats/51749/page-fullstats/,https://gol.gg/game/stats/51750/page-fullstats/,
https://gol.gg/game/stats/51746/page-fullstats/,https://gol.gg/game/stats/51747/page-fullstats/,
https://gol.gg/game/stats/51743/page-fullstats/,https://gol.gg/game/stats/51744/page-fullstats/,
https://gol.gg/game/stats/51422/page-fullstats/,https://gol.gg/game/stats/51423/page-fullstats/,https://gol.gg/game/stats/51424/page-fullstats/
https://gol.gg/game/stats/51419/page-fullstats/,https://gol.gg/game/stats/51420/page-fullstats/,
https://gol.gg/game/stats/51416/page-fullstats/,https://gol.gg/game/stats/51417/page-fullstats/,https://gol.gg/game/stats/51418/page-fullstats/
https://gol.gg/game/stats/51413/page-fullstats/,https://gol.gg/game/stats/51414/page-fullstats/,
https://gol.gg/game/stats/51410/page-fullstats/,https://gol.gg/game/stats/51411/page-fullstats/,
https://gol.gg/game/stats/51407/page-fullstats/,https://gol.gg/game/stats/51408/page-fullstats/,
https://gol.gg/game/stats/51404/page-fullstats/,https://gol.gg/game/stats/51405/page-fullstats/,https://gol.gg/game/stats/51406/page-fullstats/
https://gol.gg/game/stats/51401/page-fullstats/,https://gol.gg/game/stats/51402/page-fullstats/,https://gol.gg/game/stats/51403/page-fullstats/
https://gol.gg/game/stats/51398/page-fullstats/,https://gol.gg/game/stats/51399/page-fullstats/,
https://gol.gg/game/stats/51395/page-fullstats/,https://gol.gg/game/stats/51396/page-fullstats/,
https://gol.gg/game/stats/51027/page-fullstats/,https://gol.gg/game/stats/51028/page-fullstats/,
https://gol.gg/game/stats/51024/page-fullstats/,https://gol.gg/game/stats/51025/page-fullstats/,
https://gol.gg/game/stats/51021/page-fullstats/,https://gol.gg/game/stats/51022/page-fullstats/,
https://gol.gg/game/stats/51018/page-fullstats/,https://gol.gg/game/stats/51019/page-fullstats/,
https://gol.gg/game/stats/51308/page-fullstats/,https://gol.gg/game/stats/51309/page-fullstats/,https://gol.gg/game/stats/51310/page-fullstats/
https://gol.gg/game/stats/51015/page-fullstats/,https://gol.gg/game/stats/51016/page-fullstats/,
https://gol.gg/game/stats/51009/page-fullstats/,https://gol.gg/game/stats/51010/page-fullstats/,
https://gol.gg/game/stats/51006/page-fullstats/,https://gol.gg/game/stats/51007/page-fullstats/,
https://gol.gg/game/stats/51003/page-fullstats/,https://gol.gg/game/stats/51004/page-fullstats/,
https://gol.gg/game/stats/51000/page-fullstats/,https://gol.gg/game/stats/51001/page-fullstats/,
https://gol.gg/game/stats/50467/page-fullstats/,https://gol.gg/game/stats/50468/page-fullstats/,https://gol.gg/game/stats/50469/page-fullstats/
https://gol.gg/game/stats/50464/page-fullstats/,https://gol.gg/game/stats/50465/page-fullstats/,
https://gol.gg/game/stats/50461/page-fullstats/,https://gol.gg/game/stats/50462/page-fullstats/,
https://gol.gg/game/stats/50458/page-fullstats/,https://gol.gg/game/stats/50459/page-fullstats/,https://gol.gg/game/stats/50460/page-fullstats/
https://gol.gg/game/stats/50455/page-fullstats/,https://gol.gg/game/stats/50456/page-fullstats/,
https://gol.gg/game/stats/50452/page-fullstats/,https://gol.gg/game/stats/50453/page-fullstats/,
https://gol.gg/game/stats/50449/page-fullstats/,https://gol.gg/game/stats/50450/page-fullstats/,https://gol.gg/game/stats/50451/page-fullstats/
https://gol.gg/game/stats/50446/page-fullstats/,https://gol.gg/game/stats/50447/page-fullstats/,
https://gol.gg/game/stats/50443/page-fullstats/,https://gol.gg/game/stats/50444/page-fullstats/,
https://gol.gg/game/stats/50440/page-fullstats/,https://gol.gg/game/stats/50441/page-fullstats/,
https://gol.gg/game/stats/50237/page-fullstats/,https://gol.gg/game/stats/50238/page-fullstats/,
https://gol.gg/game/stats/50234/page-fullstats/,https://gol.gg/game/stats/50235/page-fullstats/,https://gol.gg/game/stats/50236/page-fullstats/
https://gol.gg/game/stats/50231/page-fullstats/,https://gol.gg/game/stats/50232/page-fullstats/,
https://gol.gg/game/stats/50228/page-fullstats/,https://gol.gg/game/stats/50229/page-fullstats/,https://gol.gg/game/stats/50230/page-fullstats/
https://gol.gg/game/stats/50225/page-fullstats/,https://gol.gg/game/stats/50226/page-fullstats/,https://gol.gg/game/stats/50227/page-fullstats/
https://gol.gg/game/stats/50222/page-fullstats/,https://gol.gg/game/stats/50223/page-fullstats/,
https://gol.gg/game/stats/50219/page-fullstats/,https://gol.gg/game/stats/50220/page-fullstats/,
https://gol.gg/game/stats/50216/page-fullstats/,https://gol.gg/game/stats/50217/page-fullstats/,
https://gol.gg/game/stats/50213/page-fullstats/,https://gol.gg/game/stats/50214/page-fullstats/,
https://gol.gg/game/stats/50210/page-fullstats/,https://gol.gg/game/stats/50211/page-fullstats/,https://gol.gg/game/stats/50212/page-fullstats/
https://gol.gg/game/stats/49822/page-fullstats/,https://gol.gg/game/stats/49823/page-fullstats/,
https://gol.gg/game/stats/49819/page-fullstats/,https://gol.gg/game/stats/49820/page-fullstats/,
https://gol.gg/game/stats/49816/page-fullstats/,https://gol.gg/game/stats/49817/page-fullstats/,
https://gol.gg/game/stats/49813/page-fullstats/,https://gol.gg/game/stats/49814/page-fullstats/,
https://gol.gg/game/stats/49810/page-fullstats/,https://gol.gg/game/stats/49811/page-fullstats/,
https://gol.gg/game/stats/49807/page-fullstats/,https://gol.gg/game/stats/49808/page-fullstats/,
https://gol.gg/game/stats/49804/page-fullstats/,https://gol.gg/game/stats/49805/page-fullstats/,https://gol.gg/game/stats/49806/page-fullstats/
https://gol.gg/game/stats/49801/page-fullstats/,https://gol.gg/game/stats/49802/page-fullstats/,
https://gol.gg/game/stats/49798/page-fullstats/,https://gol.gg/game/stats/49799/page-fullstats/,
https://gol.gg/game/stats/49795/page-fullstats/,https://gol.gg/game/stats/49796/page-fullstats/,
https://gol.gg/game/stats/49294/page-fullstats/,https://gol.gg/game/stats/49295/page-fullstats/,https://gol.gg/game/stats/49296/page-fullstats/
https://gol.gg/game/stats/49291/page-fullstats/,https://gol.gg/game/stats/49292/page-fullstats/,https://gol.gg/game/stats/49293/page-fullstats/
https://gol.gg/game/stats/49288/page-fullstats/,https://gol.gg/game/stats/49289/page-fullstats/,
https://gol.gg/game/stats/49285/page-fullstats/,https://gol.gg/game/stats/49286/page-fullstats/,
https://gol.gg/game/stats/49282/page-fullstats/,https://gol.gg/game/stats/49283/page-fullstats/,https://gol.gg/game/stats/49284/page-fullstats/
https://gol.gg/game/stats/49279/page-fullstats/,https://gol.gg/game/stats/49280/page-fullstats/,https://gol.gg/game/stats/49281/page-fullstats/
https://gol.gg/game/stats/49276/page-fullstats/,https://gol.gg/game/stats/49277/page-fullstats/,https://gol.gg/game/stats/49278/page-fullstats/
https://gol.gg/game/stats/49273/page-fullstats/,https://gol.gg/game/stats/49274/page-fullstats/,
https://gol.gg/game/stats/49270/page-fullstats/,https://gol.gg/game/stats/49271/page-fullstats/,
https://gol.gg/game/stats/49267/page-fullstats/,https://gol.gg/game/stats/49268/page-fullstats/,https://gol.gg/game/stats/49269/page-fullstats/
